{
  "images" : [
    {
      "filename" : "kisspng-fast-food-hamburger-food-waste-clip-art-food-waste-5b18caaf3c6918.4484934715283514072475.png",
      "idiom" : "universal",
      "scale" : "1x"
    },
    {
      "filename" : "kisspng-fast-food-hamburger-food-waste-clip-art-food-waste-5b18caaf3c6918.4484934715283514072475@2x.png",
      "idiom" : "universal",
      "scale" : "2x"
    },
    {
      "filename" : "kisspng-fast-food-hamburger-food-waste-clip-art-food-waste-5b18caaf3c6918.4484934715283514072475@3x.png",
      "idiom" : "universal",
      "scale" : "3x"
    }
  ],
  "info" : {
    "author" : "xcode",
    "version" : 1
  }
}
