{
  "images" : [
    {
      "filename" : "kisspng-take-out-fast-food-drink-icon-a-gray-snack-cup-5a82fa0d9c4e76.5190818815185331336402.png",
      "idiom" : "universal",
      "scale" : "1x"
    },
    {
      "filename" : "kisspng-take-out-fast-food-drink-icon-a-gray-snack-cup-5a82fa0d9c4e76.5190818815185331336402@2x.png",
      "idiom" : "universal",
      "scale" : "2x"
    },
    {
      "filename" : "kisspng-take-out-fast-food-drink-icon-a-gray-snack-cup-5a82fa0d9c4e76.5190818815185331336402@3x.png",
      "idiom" : "universal",
      "scale" : "3x"
    }
  ],
  "info" : {
    "author" : "xcode",
    "version" : 1
  }
}
