{
  "images" : [
    {
      "filename" : "kisspng-paper-computer-icons-waste-font-5af5cbbb8a5dd4.9761542315260579155668.png",
      "idiom" : "universal",
      "scale" : "1x"
    },
    {
      "filename" : "kisspng-paper-computer-icons-waste-font-5af5cbbb8a5dd4.9761542315260579155668@2x.png",
      "idiom" : "universal",
      "scale" : "2x"
    },
    {
      "filename" : "kisspng-paper-computer-icons-waste-font-5af5cbbb8a5dd4.9761542315260579155668@3x.png",
      "idiom" : "universal",
      "scale" : "3x"
    }
  ],
  "info" : {
    "author" : "xcode",
    "version" : 1
  }
}
