{
  "images" : [
    {
      "filename" : "kisspng-cartoon-fruit-clip-art-organic-trash-5b0fec42ea9488.6234110315277701789609.png",
      "idiom" : "universal",
      "scale" : "1x"
    },
    {
      "filename" : "kisspng-cartoon-fruit-clip-art-organic-trash-5b0fec42ea9488.6234110315277701789609@2x.png",
      "idiom" : "universal",
      "scale" : "2x"
    },
    {
      "filename" : "kisspng-cartoon-fruit-clip-art-organic-trash-5b0fec42ea9488.6234110315277701789609@3x.png",
      "idiom" : "universal",
      "scale" : "3x"
    }
  ],
  "info" : {
    "author" : "xcode",
    "version" : 1
  }
}
