{
  "images" : [
    {
      "filename" : "kisspng-glass-jar-clip-art-broken-bottle-bottle-5a824af62a7ec5.6994174015184883101741.png",
      "idiom" : "universal",
      "scale" : "1x"
    },
    {
      "filename" : "kisspng-glass-jar-clip-art-broken-bottle-bottle-5a824af62a7ec5.6994174015184883101741@2x.png",
      "idiom" : "universal",
      "scale" : "2x"
    },
    {
      "filename" : "kisspng-glass-jar-clip-art-broken-bottle-bottle-5a824af62a7ec5.6994174015184883101741@3x.png",
      "idiom" : "universal",
      "scale" : "3x"
    }
  ],
  "info" : {
    "author" : "xcode",
    "version" : 1
  }
}
