{
  "images" : [
    {
      "filename" : "kisspng-plastic-bag-paper-waste-bin-bag-clip-art-harmful-junk-food-5a7bcee16ab901.7327682115180633294371.png",
      "idiom" : "universal",
      "scale" : "1x"
    },
    {
      "filename" : "kisspng-plastic-bag-paper-waste-bin-bag-clip-art-harmful-junk-food-5a7bcee16ab901.7327682115180633294371@2x.png",
      "idiom" : "universal",
      "scale" : "2x"
    },
    {
      "filename" : "kisspng-plastic-bag-paper-waste-bin-bag-clip-art-harmful-junk-food-5a7bcee16ab901.7327682115180633294371@3x.png",
      "idiom" : "universal",
      "scale" : "3x"
    }
  ],
  "info" : {
    "author" : "xcode",
    "version" : 1
  }
}
