{
  "images" : [
    {
      "filename" : "kisspng-paper-cardboard-box-illustration-kraft-paper-material-cartoon-box-png-5aaee16900de21.1011713815214104090036.png",
      "idiom" : "universal",
      "scale" : "1x"
    },
    {
      "filename" : "kisspng-paper-cardboard-box-illustration-kraft-paper-material-cartoon-box-png-5aaee16900de21.1011713815214104090036@2x.png",
      "idiom" : "universal",
      "scale" : "2x"
    },
    {
      "filename" : "kisspng-paper-cardboard-box-illustration-kraft-paper-material-cartoon-box-png-5aaee16900de21.1011713815214104090036@3x.png",
      "idiom" : "universal",
      "scale" : "3x"
    }
  ],
  "info" : {
    "author" : "xcode",
    "version" : 1
  }
}
