{
  "images" : [
    {
      "filename" : "kisspng-rubbish-bins-waste-paper-baskets-garbage-trash-c-trash-bag-cliparts-5aae9ff6adec89.4547201315213936547124.png",
      "idiom" : "universal",
      "scale" : "1x"
    },
    {
      "filename" : "kisspng-rubbish-bins-waste-paper-baskets-garbage-trash-c-trash-bag-cliparts-5aae9ff6adec89.4547201315213936547124@2x.png",
      "idiom" : "universal",
      "scale" : "2x"
    },
    {
      "filename" : "kisspng-rubbish-bins-waste-paper-baskets-garbage-trash-c-trash-bag-cliparts-5aae9ff6adec89.4547201315213936547124@3x.png",
      "idiom" : "universal",
      "scale" : "3x"
    }
  ],
  "info" : {
    "author" : "xcode",
    "version" : 1
  }
}
