{
  "images" : [
    {
      "filename" : "kisspng-garbage-truck-waste-bin-bag-stock-photography-clip-garbage-bag-5ad98be641bb22.7250580215242065662692.png",
      "idiom" : "universal",
      "scale" : "1x"
    },
    {
      "filename" : "kisspng-garbage-truck-waste-bin-bag-stock-photography-clip-garbage-bag-5ad98be641bb22.7250580215242065662692@2x.png",
      "idiom" : "universal",
      "scale" : "2x"
    },
    {
      "filename" : "kisspng-garbage-truck-waste-bin-bag-stock-photography-clip-garbage-bag-5ad98be641bb22.7250580215242065662692@3x.png",
      "idiom" : "universal",
      "scale" : "3x"
    }
  ],
  "info" : {
    "author" : "xcode",
    "version" : 1
  }
}
