{
  "images" : [
    {
      "filename" : "park-outdoor-scene-with-flower-field-and-blank-meadow_1308-61507.jpg",
      "idiom" : "universal",
      "scale" : "1x"
    },
    {
      "filename" : "park-outdoor-scene-with-flower-field-and-blank-meadow_1308-61507@2x.jpg",
      "idiom" : "universal",
      "scale" : "2x"
    },
    {
      "filename" : "park-outdoor-scene-with-flower-field-and-blank-meadow_1308-61507@3x.jpg",
      "idiom" : "universal",
      "scale" : "3x"
    }
  ],
  "info" : {
    "author" : "xcode",
    "version" : 1
  }
}
