{
  "images" : [
    {
      "filename" : "kisspng-clip-art-plastic-bag-paper-plastic-shopping-bag-sh-5b6c16c5c12545.1992098615338103737911.png",
      "idiom" : "universal",
      "scale" : "1x"
    },
    {
      "filename" : "kisspng-clip-art-plastic-bag-paper-plastic-shopping-bag-sh-5b6c16c5c12545.1992098615338103737911@2x.png",
      "idiom" : "universal",
      "scale" : "2x"
    },
    {
      "filename" : "kisspng-clip-art-plastic-bag-paper-plastic-shopping-bag-sh-5b6c16c5c12545.1992098615338103737911@3x.png",
      "idiom" : "universal",
      "scale" : "3x"
    }
  ],
  "info" : {
    "author" : "xcode",
    "version" : 1
  }
}
